{
  "version": "0.1.0",
  "name": "solana_anchor",
  "instructions": [
    {
      "name": "initMonkpay",
      "accounts": [
        {
          "name": "signer",
          "isMut": true,
          "isSigner": true
        },
        {
          "name": "monkpayData",
          "isMut": true,
          "isSigner": true
        },
        {
          "name": "nonceAccount",
          "isMut": true,
          "isSigner": false
        },
        {
          "name": "usdtAccount",
          "isMut": false,
          "isSigner": false
        },
        {
          "name": "usdtMint",
          "isMut": false,
          "isSigner": false
        },
        {
          "name": "vault",
          "isMut": false,
          "isSigner": false
        },
        {
          "name": "systemProgram",
          "isMut": false,
          "isSigner": false
        },
        {
          "name": "rent",
          "isMut": false,
          "isSigner": false
        },
        {
          "name": "recentBlockhash",
          "isMut": false,
          "isSigner": false
        },
        {
          "name": "rand",
          "isMut": false,
          "isSigner": false
        }
      ],
      "args": [
        {
          "name": "bump",
          "type": "u8"
        },
        {
          "name": "amount",
          "type": "u64"
        }
      ]
    },
    {
      "name": "createAccount",
      "accounts": [
        {
          "name": "owner",
          "isMut": true,
          "isSigner": true
        },
        {
          "name": "monkpayData",
          "isMut": true,
          "isSigner": false
        },
        {
          "name": "accountData",
          "isMut": true,
          "isSigner": true
        },
        {
          "name": "systemProgram",
          "isMut": false,
          "isSigner": false
        }
      ],
      "args": []
    },
    {
      "name": "depositUsdt",
      "accounts": [
        {
          "name": "owner",
          "isMut": true,
          "isSigner": true
        },
        {
          "name": "accountData",
          "isMut": true,
          "isSigner": false
        },
        {
          "name": "monkpayData",
          "isMut": false,
          "isSigner": false
        },
        {
          "name": "usdtMint",
          "isMut": false,
          "isSigner": false
        },
        {
          "name": "sourceAccount",
          "isMut": true,
          "isSigner": false
        },
        {
          "name": "destinationAccount",
          "isMut": true,
          "isSigner": false
        },
        {
          "name": "tokenProgram",
          "isMut": false,
          "isSigner": false
        }
      ],
      "args": [
        {
          "name": "amount",
          "type": "u64"
        }
      ]
    },
    {
      "name": "withdrawUsdt",
      "accounts": [
        {
          "name": "owner",
          "isMut": true,
          "isSigner": true
        },
        {
          "name": "accountData",
          "isMut": true,
          "isSigner": false
        },
        {
          "name": "monkpayData",
          "isMut": false,
          "isSigner": false
        },
        {
          "name": "vault",
          "isMut": false,
          "isSigner": false
        },
        {
          "name": "sourceAccount",
          "isMut": true,
          "isSigner": false
        },
        {
          "name": "usdtMint",
          "isMut": false,
          "isSigner": false
        },
        {
          "name": "destinationAccount",
          "isMut": true,
          "isSigner": false
        },
        {
          "name": "tokenProgram",
          "isMut": false,
          "isSigner": false
        }
      ],
      "args": [
        {
          "name": "amount",
          "type": "u64"
        }
      ]
    },
    {
      "name": "transferUsdt",
      "accounts": [
        {
          "name": "owner",
          "isMut": true,
          "isSigner": true
        },
        {
          "name": "sourceAccountData",
          "isMut": true,
          "isSigner": false
        },
        {
          "name": "destinationAccountData",
          "isMut": true,
          "isSigner": false
        }
      ],
      "args": [
        {
          "name": "amount",
          "type": "u64"
        }
      ]
    },
    {
      "name": "refundUsdt",
      "accounts": [
        {
          "name": "owner",
          "isMut": true,
          "isSigner": true
        },
        {
          "name": "monkpayData",
          "isMut": false,
          "isSigner": false
        },
        {
          "name": "vault",
          "isMut": false,
          "isSigner": false
        },
        {
          "name": "sourceAccount",
          "isMut": true,
          "isSigner": false
        },
        {
          "name": "destinationAccount",
          "isMut": true,
          "isSigner": false
        },
        {
          "name": "tokenProgram",
          "isMut": false,
          "isSigner": false
        }
      ],
      "args": [
        {
          "name": "amount",
          "type": "u64"
        }
      ]
    }
  ],
  "accounts": [
    {
      "name": "IMonkpayData",
      "type": {
        "kind": "struct",
        "fields": [
          {
            "name": "owner",
            "type": "publicKey"
          },
          {
            "name": "nonceAccount",
            "type": "publicKey"
          },
          {
            "name": "bump",
            "type": "u8"
          },
          {
            "name": "usdtAccount",
            "type": "publicKey"
          },
          {
            "name": "usdtMint",
            "type": "publicKey"
          },
          {
            "name": "totalAccounts",
            "type": "u64"
          }
        ]
      }
    },
    {
      "name": "IAccountData",
      "type": {
        "kind": "struct",
        "fields": [
          {
            "name": "owner",
            "type": "publicKey"
          },
          {
            "name": "solAmount",
            "type": "u64"
          },
          {
            "name": "usdtAmount",
            "type": "u64"
          },
          {
            "name": "monkpayData",
            "type": "publicKey"
          }
        ]
      }
    }
  ],
  "errors": [
    {
      "code": 6000,
      "name": "InvalidOwner",
      "msg": "Invalid Owner"
    },
    {
      "code": 6001,
      "name": "InvalidMint",
      "msg": "Invalid mint key"
    },
    {
      "code": 6002,
      "name": "InvalidDestinationAccount",
      "msg": "Destination address dismatch with MonkPay"
    },
    {
      "code": 6003,
      "name": "InvalidSourceAccount",
      "msg": "Source address dismatch with MonkPay"
    },
    {
      "code": 6004,
      "name": "InvalidAmount",
      "msg": "Invalid Amount"
    },
    {
      "code": 6005,
      "name": "TokenMintToFailed",
      "msg": "Token mint to failed"
    },
    {
      "code": 6006,
      "name": "TokenSetAuthorityFailed",
      "msg": "Token set authority failed"
    },
    {
      "code": 6007,
      "name": "TokenTransferFailed",
      "msg": "Token transfer failed"
    }
  ]
}